{
	"credit": "Made with Blockbench",
	"ambientocclusion": false,
	"textures": {
		"2": "block/rail_raised",
		"4": "block/detector_rail_plate_bottom_on",
		"5": "block/detector_rail_plate_on",
		"6": "block/detector_rail_pressure_stone",
		"7": "block/detector_rail_wood",
		"8": "block/detector_rail_plate",
		"particle": "block/rail"
	},
	"elements": [
		{
			"from": [0, 10.75, -6.5],
			"to": [16, 11.75, -4.5],
			"rotation": {"angle": 45, "axis": "x", "origin": [0, 0, 0]},
			"faces": {
				"north": {"uv": [0, 14, 16, 15], "texture": "#7"},
				"east": {"uv": [15, 13, 16, 15], "rotation": 270, "texture": "#7"},
				"south": {"uv": [0, 13, 16, 14], "rotation": 180, "texture": "#7"},
				"west": {"uv": [0, 13, 1, 15], "rotation": 90, "texture": "#7"},
				"up": {"uv": [0, 13, 16, 15], "rotation": 180, "texture": "#7"},
				"down": {"uv": [0, 13, 16, 15], "texture": "#7"}
			}
		},
		{
			"from": [0, 10.75, -2],
			"to": [16, 11.75, 0],
			"rotation": {"angle": 45, "axis": "x", "origin": [0, 0, 0]},
			"faces": {
				"north": {"uv": [0, 10, 16, 11], "texture": "#7"},
				"east": {"uv": [15, 9, 16, 11], "rotation": 270, "texture": "#7"},
				"south": {"uv": [0, 9, 16, 10], "rotation": 180, "texture": "#7"},
				"west": {"uv": [0, 9, 1, 11], "rotation": 90, "texture": "#7"},
				"up": {"uv": [0, 9, 16, 11], "rotation": 180, "texture": "#7"},
				"down": {"uv": [0, 9, 16, 11], "texture": "#7"}
			}
		},
		{
			"from": [3, 11.75, -7],
			"to": [13, 12.75, 5],
			"rotation": {"angle": 45, "axis": "x", "origin": [0, 0, 0]},
			"faces": {
				"north": {"uv": [3, 2, 13, 3], "texture": "#8"},
				"east": {"uv": [15, 9, 16, 11], "rotation": 270, "texture": "#7"},
				"south": {"uv": [3, 13, 13, 14], "rotation": 180, "texture": "#8"},
				"west": {"uv": [0, 9, 1, 11], "rotation": 90, "texture": "#7"},
				"up": {"uv": [3, 2, 13, 14], "rotation": 180, "texture": "#5"},
				"down": {"uv": [3, 2, 13, 14], "texture": "#4"}
			}
		},
		{
			"from": [4, 12.25, -5],
			"to": [12, 13.25, 3],
			"rotation": {"angle": 45, "axis": "x", "origin": [0, 0, 0]},
			"faces": {
				"north": {"uv": [4, 4, 12, 5], "texture": "#6"},
				"east": {"uv": [11, 4, 12, 12], "rotation": 270, "texture": "#6"},
				"south": {"uv": [4, 11, 12, 12], "rotation": 180, "texture": "#6"},
				"west": {"uv": [4, 4, 5, 12], "rotation": 90, "texture": "#6"},
				"up": {"uv": [4, 4, 12, 12], "rotation": 180, "texture": "#6"},
				"down": {"uv": [4, 4, 12, 12], "texture": "#6"}
			}
		},
		{
			"from": [0, 10.75, 2.5],
			"to": [16, 11.75, 4.5],
			"rotation": {"angle": 45, "axis": "x", "origin": [0, 0, 0]},
			"faces": {
				"north": {"uv": [0, 6, 16, 7], "texture": "#7"},
				"east": {"uv": [15, 5, 16, 7], "rotation": 270, "texture": "#7"},
				"south": {"uv": [0, 5, 16, 6], "rotation": 180, "texture": "#7"},
				"west": {"uv": [0, 5, 1, 7], "rotation": 90, "texture": "#7"},
				"up": {"uv": [0, 5, 16, 7], "rotation": 180, "texture": "#7"},
				"down": {"uv": [0, 5, 16, 7], "texture": "#7"}
			}
		},
		{
			"from": [0, 10.75, 7],
			"to": [16, 11.75, 9],
			"rotation": {"angle": 45, "axis": "x", "origin": [0, 0, 0]},
			"faces": {
				"north": {"uv": [0, 2, 16, 3], "texture": "#7"},
				"east": {"uv": [15, 1, 16, 3], "rotation": 270, "texture": "#7"},
				"south": {"uv": [0, 1, 16, 2], "rotation": 180, "texture": "#7"},
				"west": {"uv": [0, 1, 1, 3], "rotation": 90, "texture": "#7"},
				"up": {"uv": [0, 1, 16, 3], "rotation": 180, "texture": "#7"},
				"down": {"uv": [0, 1, 16, 3], "texture": "#7"}
			}
		},
		{
			"from": [0, 10.75, -11],
			"to": [16, 11.75, -9],
			"rotation": {"angle": 45, "axis": "x", "origin": [0, 0, 0]},
			"faces": {
				"north": {"uv": [0, 2, 16, 3], "texture": "#7"},
				"east": {"uv": [15, 1, 16, 3], "rotation": 270, "texture": "#7"},
				"south": {"uv": [0, 1, 16, 2], "rotation": 180, "texture": "#7"},
				"west": {"uv": [0, 1, 1, 3], "rotation": 90, "texture": "#7"},
				"up": {"uv": [0, 1, 16, 3], "rotation": 180, "texture": "#7"},
				"down": {"uv": [0, 1, 16, 3], "texture": "#7"}
			}
		},
		{
			"from": [13, 11.75, -12.5],
			"to": [15, 12.75, 10.5],
			"rotation": {"angle": 45, "axis": "x", "origin": [0, 0, 0]},
			"faces": {
				"north": {"uv": [2, 0, 4, 1], "texture": "#2"},
				"east": {"uv": [2, 1, 3, 16], "rotation": 270, "texture": "#2"},
				"south": {"uv": [2, 15, 4, 16], "rotation": 180, "texture": "#2"},
				"west": {"uv": [3, 1, 4, 16], "rotation": 90, "texture": "#2"},
				"up": {"uv": [2, 1, 4, 16], "rotation": 180, "texture": "#2"},
				"down": {"uv": [2, 16, 4, 1], "rotation": 180, "texture": "#2"}
			}
		},
		{
			"from": [1, 11.75, -12.5],
			"to": [3, 12.75, 10.5],
			"rotation": {"angle": 45, "axis": "x", "origin": [0, 0, 0]},
			"faces": {
				"north": {"uv": [12, 0, 14, 1], "texture": "#2"},
				"east": {"uv": [12, 1, 13, 16], "rotation": 270, "texture": "#2"},
				"south": {"uv": [2, 15, 4, 16], "texture": "#2"},
				"west": {"uv": [13, 1, 14, 16], "rotation": 90, "texture": "#2"},
				"up": {"uv": [12, 1, 14, 16], "rotation": 180, "texture": "#2"},
				"down": {"uv": [12, 16, 14, 1], "rotation": 180, "texture": "#2"}
			}
		}
	]
}