{
	"credit": "Made with Blockbench",
	"ambientocclusion": false,
	"textures": {
		"2": "block/rail_wood",
		"particle": "#rail"
	},
	"elements": [
		{
			"from": [0, 0, 13],
			"to": [16, 1, 15],
			"faces": {
				"north": {"uv": [1, 13, 15, 14], "rotation": 180, "texture": "#2"},
				"east": {"uv": [1, 13, 2, 15], "rotation": 90, "texture": "#2"},
				"south": {"uv": [1, 14, 15, 15], "texture": "#2"},
				"west": {"uv": [14, 13, 15, 15], "rotation": 270, "texture": "#2"},
				"up": {"uv": [1, 13, 15, 15], "texture": "#2"},
				"down": {"uv": [1, 13, 15, 15], "rotation": 180, "texture": "#2"}
			}
		},
		{
			"from": [0, 0, 9],
			"to": [16, 1, 11],
			"faces": {
				"north": {"uv": [0, 9, 16, 10], "rotation": 180, "texture": "#2"},
				"east": {"uv": [0, 9, 1, 11], "rotation": 90, "texture": "#2"},
				"south": {"uv": [0, 10, 16, 11], "texture": "#2"},
				"west": {"uv": [15, 9, 16, 11], "rotation": 270, "texture": "#2"},
				"up": {"uv": [0, 9, 16, 11], "texture": "#2"},
				"down": {"uv": [0, 9, 16, 11], "rotation": 180, "texture": "#2"}
			}
		},
		{
			"from": [0, 0, 5],
			"to": [16, 1, 7],
			"faces": {
				"north": {"uv": [1, 5, 15, 6], "rotation": 180, "texture": "#2"},
				"east": {"uv": [1, 5, 2, 7], "rotation": 90, "texture": "#2"},
				"south": {"uv": [1, 6, 15, 7], "texture": "#2"},
				"west": {"uv": [14, 5, 15, 7], "rotation": 270, "texture": "#2"},
				"up": {"uv": [1, 5, 15, 7], "texture": "#2"},
				"down": {"uv": [1, 5, 15, 7], "rotation": 180, "texture": "#2"}
			}
		},
		{
			"from": [0, 0, 1],
			"to": [16, 1, 3],
			"faces": {
				"north": {"uv": [1, 1, 15, 2], "rotation": 180, "texture": "#2"},
				"east": {"uv": [1, 1, 2, 3], "rotation": 90, "texture": "#2"},
				"south": {"uv": [1, 2, 15, 3], "texture": "#2"},
				"west": {"uv": [14, 1, 15, 3], "rotation": 270, "texture": "#2"},
				"up": {"uv": [1, 1, 15, 3], "texture": "#2"},
				"down": {"uv": [1, 1, 15, 3], "rotation": 180, "texture": "#2"}
			}
		},
		{
			"from": [1, 1, 0],
			"to": [3, 2, 16],
			"faces": {
				"north": {"uv": [12, 0, 14, 1], "rotation": 180, "texture": "#rail"},
				"east": {"uv": [2, 0, 3, 16], "rotation": 270, "texture": "#rail"},
				"south": {"uv": [12, 15, 14, 16], "texture": "#rail"},
				"west": {"uv": [12, 0, 13, 16], "rotation": 270, "texture": "#rail"},
				"up": {"uv": [12, 0, 14, 16], "texture": "#rail"},
				"down": {"uv": [12, 16, 14, 0], "texture": "#rail"}
			}
		},
		{
			"from": [13, 1, 0],
			"to": [15, 2, 16],
			"faces": {
				"north": {"uv": [12, 15, 14, 16], "texture": "#rail"},
				"east": {"uv": [13, 0, 14, 16], "rotation": 270, "texture": "#rail"},
				"south": {"uv": [2, 0, 4, 1], "texture": "#rail"},
				"west": {"uv": [2, 0, 3, 16], "rotation": 270, "texture": "#rail"},
				"up": {"uv": [2, 0, 4, 16], "texture": "#rail"},
				"down": {"uv": [2, 16, 4, 0], "texture": "#rail"}
			}
		}
	]
}