{
	"credit": "Made with Blockbench",
	"ambientocclusion": false,
	"textures": {
		"2": "block/rail_raised",
		"7": "block/rail_wood",
		"particle": "block/rail"
	},
	"elements": [
		{
			"from": [0, -0.5, 13.5],
			"to": [16, 0.5, 15.5],
			"rotation": {"angle": -45, "axis": "x", "origin": [0, 0, 0]},
			"faces": {
				"north": {"uv": [0, 13, 16, 14], "rotation": 180, "texture": "#7"},
				"east": {"uv": [0, 13, 1, 15], "rotation": 90, "texture": "#7"},
				"south": {"uv": [0, 14, 16, 15], "texture": "#7"},
				"west": {"uv": [15, 13, 16, 15], "rotation": 270, "texture": "#7"},
				"up": {"uv": [0, 13, 16, 15], "texture": "#7"},
				"down": {"uv": [0, 13, 16, 15], "rotation": 180, "texture": "#7"}
			}
		},
		{
			"from": [0, -0.5, 9.5],
			"to": [16, 0.5, 11.5],
			"rotation": {"angle": -45, "axis": "x", "origin": [0, 0, 0]},
			"faces": {
				"north": {"uv": [0, 9, 16, 10], "rotation": 180, "texture": "#7"},
				"east": {"uv": [0, 9, 1, 11], "rotation": 90, "texture": "#7"},
				"south": {"uv": [0, 10, 16, 11], "texture": "#7"},
				"west": {"uv": [15, 9, 16, 11], "rotation": 270, "texture": "#7"},
				"up": {"uv": [0, 9, 16, 11], "texture": "#7"},
				"down": {"uv": [0, 9, 16, 11], "rotation": 180, "texture": "#7"}
			}
		},
		{
			"from": [0, -0.5, 5.5],
			"to": [16, 0.5, 7.5],
			"rotation": {"angle": -45, "axis": "x", "origin": [0, 0, 0]},
			"faces": {
				"north": {"uv": [0, 5, 16, 6], "rotation": 180, "texture": "#7"},
				"east": {"uv": [0, 5, 1, 7], "rotation": 90, "texture": "#7"},
				"south": {"uv": [0, 6, 16, 7], "texture": "#7"},
				"west": {"uv": [15, 5, 16, 7], "rotation": 270, "texture": "#7"},
				"up": {"uv": [0, 5, 16, 7], "texture": "#7"},
				"down": {"uv": [0, 5, 16, 7], "rotation": 180, "texture": "#7"}
			}
		},
		{
			"from": [0, -0.5, 21.5],
			"to": [16, 0.5, 23.5],
			"rotation": {"angle": -45, "axis": "x", "origin": [0, 0, 0]},
			"faces": {
				"north": {"uv": [0, 5, 16, 6], "rotation": 180, "texture": "#7"},
				"east": {"uv": [0, 5, 1, 7], "rotation": 90, "texture": "#7"},
				"south": {"uv": [0, 6, 16, 7], "texture": "#7"},
				"west": {"uv": [15, 5, 16, 7], "rotation": 270, "texture": "#7"},
				"up": {"uv": [0, 5, 16, 7], "texture": "#7"},
				"down": {"uv": [0, 5, 16, 7], "rotation": 180, "texture": "#7"}
			}
		},
		{
			"from": [0, -0.5, 1.5],
			"to": [16, 0.5, 3.5],
			"rotation": {"angle": -45, "axis": "x", "origin": [0, 0, 0]},
			"faces": {
				"north": {"uv": [0, 1, 16, 2], "rotation": 180, "texture": "#7"},
				"east": {"uv": [0, 1, 1, 3], "rotation": 90, "texture": "#7"},
				"south": {"uv": [0, 2, 16, 3], "texture": "#7"},
				"west": {"uv": [15, 1, 16, 3], "rotation": 270, "texture": "#7"},
				"up": {"uv": [0, 1, 16, 3], "texture": "#7"},
				"down": {"uv": [0, 1, 16, 3], "rotation": 180, "texture": "#7"}
			}
		},
		{
			"from": [0, -0.5, 17.5],
			"to": [16, 0.5, 19.5],
			"rotation": {"angle": -45, "axis": "x", "origin": [0, 0, 0]},
			"faces": {
				"north": {"uv": [0, 1, 16, 2], "rotation": 180, "texture": "#7"},
				"east": {"uv": [0, 1, 1, 3], "rotation": 90, "texture": "#7"},
				"south": {"uv": [0, 2, 16, 3], "texture": "#7"},
				"west": {"uv": [15, 1, 16, 3], "rotation": 270, "texture": "#7"},
				"up": {"uv": [0, 1, 16, 3], "texture": "#7"},
				"down": {"uv": [0, 1, 16, 3], "rotation": 180, "texture": "#7"}
			}
		},
		{
			"from": [1, 0.5, 1],
			"to": [3, 1.5, 24],
			"rotation": {"angle": -45, "axis": "x", "origin": [0, 0, 0]},
			"faces": {
				"north": {"uv": [2, 15, 4, 16], "rotation": 180, "texture": "#2"},
				"east": {"uv": [3, 1, 4, 16], "rotation": 90, "texture": "#2"},
				"south": {"uv": [2, 0, 4, 1], "texture": "#2"},
				"west": {"uv": [2, 1, 3, 16], "rotation": 270, "texture": "#2"},
				"up": {"uv": [2, 1, 4, 16], "texture": "#2"},
				"down": {"uv": [2, 16, 4, 1], "texture": "#2"}
			}
		},
		{
			"from": [13, 0.5, 1],
			"to": [15, 1.5, 24],
			"rotation": {"angle": -45, "axis": "x", "origin": [0, 0, 0]},
			"faces": {
				"north": {"uv": [2, 15, 4, 16], "texture": "#2"},
				"east": {"uv": [13, 1, 14, 16], "rotation": 90, "texture": "#2"},
				"south": {"uv": [12, 0, 14, 1], "texture": "#2"},
				"west": {"uv": [12, 1, 13, 16], "rotation": 270, "texture": "#2"},
				"up": {"uv": [12, 1, 14, 16], "texture": "#2"},
				"down": {"uv": [12, 16, 14, 1], "texture": "#2"}
			}
		},
		{
			"from": [13, 1, -16],
			"to": [15, 2, 0],
			"faces": {
				"north": {"uv": [2, 15, 4, 16], "texture": "#2"},
				"east": {"uv": [13, 1, 14, 16], "rotation": 90, "texture": "#2"},
				"south": {"uv": [12, 0, 14, 1], "texture": "#2"},
				"west": {"uv": [12, 1, 13, 16], "rotation": 270, "texture": "#2"},
				"up": {"uv": [12, 1, 14, 16], "texture": "#2"},
				"down": {"uv": [12, 16, 14, 1], "texture": "#2"}
			}
		},
		{
			"from": [0, 0, -3],
			"to": [16, 1, -1],
			"faces": {
				"north": {"uv": [0, 13, 16, 14], "rotation": 180, "texture": "#7"},
				"east": {"uv": [0, 13, 1, 15], "rotation": 90, "texture": "#7"},
				"south": {"uv": [0, 14, 16, 15], "texture": "#7"},
				"west": {"uv": [15, 13, 16, 15], "rotation": 270, "texture": "#7"},
				"up": {"uv": [0, 13, 16, 15], "texture": "#7"},
				"down": {"uv": [0, 13, 16, 15], "rotation": 180, "texture": "#7"}
			}
		},
		{
			"from": [0, 0, -7],
			"to": [16, 1, -5],
			"faces": {
				"north": {"uv": [0, 9, 16, 10], "rotation": 180, "texture": "#7"},
				"east": {"uv": [0, 9, 1, 11], "rotation": 90, "texture": "#7"},
				"south": {"uv": [0, 10, 16, 11], "texture": "#7"},
				"west": {"uv": [15, 9, 16, 11], "rotation": 270, "texture": "#7"},
				"up": {"uv": [0, 9, 16, 11], "texture": "#7"},
				"down": {"uv": [0, 9, 16, 11], "rotation": 180, "texture": "#7"}
			}
		},
		{
			"from": [0, 0, -11],
			"to": [16, 1, -9],
			"faces": {
				"north": {"uv": [0, 5, 16, 6], "rotation": 180, "texture": "#7"},
				"east": {"uv": [0, 5, 1, 7], "rotation": 90, "texture": "#7"},
				"south": {"uv": [0, 6, 16, 7], "texture": "#7"},
				"west": {"uv": [15, 5, 16, 7], "rotation": 270, "texture": "#7"},
				"up": {"uv": [0, 5, 16, 7], "texture": "#7"},
				"down": {"uv": [0, 5, 16, 7], "rotation": 180, "texture": "#7"}
			}
		},
		{
			"from": [0, 0, -15],
			"to": [16, 1, -13],
			"faces": {
				"north": {"uv": [0, 1, 16, 2], "rotation": 180, "texture": "#7"},
				"east": {"uv": [0, 1, 1, 3], "rotation": 90, "texture": "#7"},
				"south": {"uv": [0, 2, 16, 3], "texture": "#7"},
				"west": {"uv": [15, 1, 16, 3], "rotation": 270, "texture": "#7"},
				"up": {"uv": [0, 1, 16, 3], "texture": "#7"},
				"down": {"uv": [0, 1, 16, 3], "rotation": 180, "texture": "#7"}
			}
		},
		{
			"from": [1, 1, -16],
			"to": [3, 2, 0],
			"faces": {
				"north": {"uv": [2, 15, 4, 16], "rotation": 180, "texture": "#2"},
				"east": {"uv": [3, 1, 4, 16], "rotation": 90, "texture": "#2"},
				"south": {"uv": [2, 0, 4, 1], "texture": "#2"},
				"west": {"uv": [2, 1, 3, 16], "rotation": 270, "texture": "#2"},
				"up": {"uv": [2, 1, 4, 16], "texture": "#2"},
				"down": {"uv": [2, 16, 4, 1], "texture": "#2"}
			}
		},
		{
			"from": [13, 17, 16],
			"to": [15, 18, 31],
			"faces": {
				"north": {"uv": [2, 15, 4, 16], "texture": "#2"},
				"east": {"uv": [13, 1, 14, 16], "rotation": 90, "texture": "#2"},
				"south": {"uv": [12, 0, 14, 1], "texture": "#2"},
				"west": {"uv": [12, 1, 13, 16], "rotation": 270, "texture": "#2"},
				"up": {"uv": [12, 1, 14, 16], "texture": "#2"},
				"down": {"uv": [12, 16, 14, 1], "texture": "#2"}
			}
		},
		{
			"from": [0, 16, 21.75],
			"to": [16, 17, 23.75],
			"faces": {
				"north": {"uv": [0, 13, 16, 14], "rotation": 180, "texture": "#7"},
				"east": {"uv": [0, 13, 1, 15], "rotation": 90, "texture": "#7"},
				"south": {"uv": [0, 14, 16, 15], "texture": "#7"},
				"west": {"uv": [15, 13, 16, 15], "rotation": 270, "texture": "#7"},
				"up": {"uv": [0, 13, 16, 15], "texture": "#7"},
				"down": {"uv": [0, 13, 16, 15], "rotation": 180, "texture": "#7"}
			}
		},
		{
			"from": [0, 16, 17.75],
			"to": [16, 17, 19.75],
			"faces": {
				"north": {"uv": [0, 9, 16, 10], "rotation": 180, "texture": "#7"},
				"east": {"uv": [0, 9, 1, 11], "rotation": 90, "texture": "#7"},
				"south": {"uv": [0, 10, 16, 11], "texture": "#7"},
				"west": {"uv": [15, 9, 16, 11], "rotation": 270, "texture": "#7"},
				"up": {"uv": [0, 9, 16, 11], "texture": "#7"},
				"down": {"uv": [0, 9, 16, 11], "rotation": 180, "texture": "#7"}
			}
		},
		{
			"from": [0, 16, 29.75],
			"to": [16, 17, 31.75],
			"faces": {
				"north": {"uv": [0, 5, 16, 6], "rotation": 180, "texture": "#7"},
				"east": {"uv": [0, 5, 1, 7], "rotation": 90, "texture": "#7"},
				"south": {"uv": [0, 6, 16, 7], "texture": "#7"},
				"west": {"uv": [15, 5, 16, 7], "rotation": 270, "texture": "#7"},
				"up": {"uv": [0, 5, 16, 7], "texture": "#7"},
				"down": {"uv": [0, 5, 16, 7], "rotation": 180, "texture": "#7"}
			}
		},
		{
			"from": [0, 16, 25.75],
			"to": [16, 17, 27.75],
			"faces": {
				"north": {"uv": [0, 1, 16, 2], "rotation": 180, "texture": "#7"},
				"east": {"uv": [0, 1, 1, 3], "rotation": 90, "texture": "#7"},
				"south": {"uv": [0, 2, 16, 3], "texture": "#7"},
				"west": {"uv": [15, 1, 16, 3], "rotation": 270, "texture": "#7"},
				"up": {"uv": [0, 1, 16, 3], "texture": "#7"},
				"down": {"uv": [0, 1, 16, 3], "rotation": 180, "texture": "#7"}
			}
		},
		{
			"from": [1, 17, 16],
			"to": [3, 18, 31],
			"faces": {
				"north": {"uv": [2, 15, 4, 16], "rotation": 180, "texture": "#2"},
				"east": {"uv": [3, 1, 4, 16], "rotation": 90, "texture": "#2"},
				"south": {"uv": [2, 0, 4, 1], "texture": "#2"},
				"west": {"uv": [2, 1, 3, 16], "rotation": 270, "texture": "#2"},
				"up": {"uv": [2, 1, 4, 16], "texture": "#2"},
				"down": {"uv": [2, 16, 4, 1], "texture": "#2"}
			}
		}
	]
}